sale_id,prescription_id,product_name,batch,qty,sold_at,pharmacy_id
6bbaea05-e3dd-4e64-82fc-302589d5bdcc,RX1761650153847,Amoxicillin 500mg,AMOX21B,1,2025-10-28T11:16:14.522389,pharmacy_demo
cf41883f-fbc6-47c9-bbf8-b7e6fd392562,RX1761650326649,Amoxicillin 500mg,AMOX21B,2,2025-10-28T11:19:02.537320,pharmacy_demo
cbe36a73-1316-430a-b2b2-3a2dcba0119e,RX1761655711229,Cetirizine 10mg,CETZ15D,1,2025-10-28T12:48:46.787062,pharmacy_demo
41c4e8fb-ee7b-4dff-9069-0edee078da4a,RX1761660574434,Cetirizine 10mg,CETZ15D,1,2025-10-28T14:25:35.968360,pharmacy_demo
18ea8a66-f16e-4cd0-b7cc-7dca433b29fa,RX1761661593816,Paracetamol 650mg,PARA25A,1,2025-10-28T14:26:44.930711,pharmacy_demo
02875074-0e1a-4303-ab88-425ef02ff277,RX1761662024634,Paracetamol 650mg,PARA25A,1,2025-10-28T14:33:54.812507,pharmacy_demo
d2326a74-171c-4ce6-9dc5-d03c622cd764,RX1761662487788,Paracetamol 650mg,PARA25A,1,2025-10-28T14:41:39.661657,pharmacy_demo
6b21d8b6-d139-419b-b001-a545f00d8faf,RX1761662670611,Paracetamol 650mg,PARA25A,1,2025-10-28T14:44:41.628575,pharmacy_demo
3e371638-52ba-48d2-9cb7-5a20900d61af,RX1761662866282,Paracetamol 650mg,PARA25A,1,2025-10-28T14:47:55.400738,pharmacy_demo
574e53b4-2471-45b9-b4eb-ad1343da2c17,RX1761663381827,Paracetamol 650mg,PARA25A,1,2025-10-28T14:56:33.092372,pharmacy_demo
adcfa20a-beb8-4c4d-b99b-b9ab627f0b0e,RX1761664284222,Paracetamol 650mg,PARA25A,1,2025-10-28T15:11:33.712611,pharmacy_demo
7061855b-b063-4fca-b30b-5a9aef1c9419,RX1761664411736,Paracetamol 650mg,PARA25A,1,2025-10-28T15:13:40.925777,pharmacy_demo
bb8a9b74-c994-4a20-9104-7cf26defee14,RX1761674550736,Paracetamol 650mg,PARA25A,1,2025-10-28T18:02:40.497070,pharmacy_demo
16d2d3f2-d283-41a8-b65b-da559490ac1b,RX1761674917650,Paracetamol 650mg,PARA25A,1,2025-10-28T18:08:47.888657,pharmacy_demo
2364e4c3-46a9-4dfc-a4a5-8dd449e4bcb3,RX1761675298920,Paracetamol 650mg,PARA25A,1,2025-10-28T18:15:08.594212,pharmacy_demo
